Sample1,Sample2,Q
G401_BR1,G401_BR2,0.9947048505506156
G401_BR1,A549_BR1,0.6979028162435127
G401_BR1,A549_BR2,0.6716381770727005
G401_BR2,A549_BR1,0.7132559954205487
G401_BR2,A549_BR2,0.6967013295417762
A549_BR1,A549_BR2,0.9663970769445307
