Sample1,Sample2,Q
G401_BR1,G401_BR2,0.9761518917035111
G401_BR1,A549_BR1,0.5577613608825013
G401_BR1,A549_BR2,0.6166927743995316
G401_BR2,A549_BR1,0.4117476379916582
G401_BR2,A549_BR2,0.4878112361590029
A549_BR1,A549_BR2,0.9754631389486167
