Resolution	ChrNr	Sample1	Sample2	Q
40000	X	G401_BR2	G401_BR1	0.9920574200779385
40000	X	G401_BR2	A549_BR1	0.8076120050517043
40000	X	G401_BR2	A549_BR2	0.7850217017863872
40000	X	G401_BR1	A549_BR1	0.8216942758374747
40000	X	G401_BR1	A549_BR2	0.7990141069794006
40000	X	A549_BR1	A549_BR2	0.9960080846370798
