Sample1	Sample2	Q
A549_BR1	A549_BR2	0.975160965862958
A549_BR1	G401_BR1	0.557372221775637
A549_BR1	G401_BR2	0.41116314547437
A549_BR2	G401_BR1	0.616692774399531
A549_BR2	G401_BR2	0.487811236159002
G401_BR1	G401_BR2	0.97615189170351
