Resolution	ChrNr	Sample1	Sample2	Q
40000	X	A549_BR1	A549_BR2	0.99600808463708
40000	X	A549_BR1	G401_BR1	0.821694275837475
40000	X	A549_BR1	G401_BR2	0.807612005051704
40000	X	A549_BR2	G401_BR1	0.799014106979401
40000	X	A549_BR2	G401_BR2	0.785021701786387
40000	X	G401_BR1	G401_BR2	0.992057420077938
